-- phpMyAdmin SQL Dump
-- version 4.0.4
-- http://www.phpmyadmin.net
--
-- Servidor: localhost
-- Tiempo de generación: 15-05-2014 a las 20:34:32
-- Versión del servidor: 5.6.12-log
-- Versión de PHP: 5.4.12

SET SQL_MODE = "NO_AUTO_VALUE_ON_ZERO";
SET time_zone = "+00:00";


/*!40101 SET @OLD_CHARACTER_SET_CLIENT=@@CHARACTER_SET_CLIENT */;
/*!40101 SET @OLD_CHARACTER_SET_RESULTS=@@CHARACTER_SET_RESULTS */;
/*!40101 SET @OLD_COLLATION_CONNECTION=@@COLLATION_CONNECTION */;
/*!40101 SET NAMES utf8 */;

--
-- Base de datos: `faq-itesm`
--
CREATE DATABASE IF NOT EXISTS `faq-itesm` DEFAULT CHARACTER SET latin1 COLLATE latin1_swedish_ci;
USE `faq-itesm`;

-- --------------------------------------------------------

--
-- Estructura de tabla para la tabla `groups`
--

CREATE TABLE IF NOT EXISTS `groups` (
  `id` int(11) unsigned NOT NULL AUTO_INCREMENT,
  `name` varchar(25) DEFAULT NULL,
  `created` datetime DEFAULT NULL,
  `modified` datetime DEFAULT NULL,
  PRIMARY KEY (`id`)
) ENGINE=MyISAM  DEFAULT CHARSET=latin1 AUTO_INCREMENT=4 ;

--
-- Volcado de datos para la tabla `groups`
--

INSERT INTO `groups` (`id`, `name`, `created`, `modified`) VALUES
(1, 'administrators', '2013-11-02 00:00:00', '2013-11-02 00:00:00'),
(2, 'professors', '2013-11-02 00:00:00', '2013-11-02 00:00:00');

-- --------------------------------------------------------

--
-- Estructura de tabla para la tabla `resources`
--

CREATE TABLE IF NOT EXISTS `resources` (
  `id` int(11) NOT NULL AUTO_INCREMENT,
  `name` text NOT NULL,
  `url` text NOT NULL,
  `active` tinyint(1) NOT NULL DEFAULT '1',
  `created` datetime NOT NULL,
  `modified` datetime NOT NULL,
  PRIMARY KEY (`id`)
) ENGINE=InnoDB  DEFAULT CHARSET=latin1 AUTO_INCREMENT=9 ;

--
-- Volcado de datos para la tabla `resources`
--

INSERT INTO `resources` (`id`, `name`, `url`, `active`, `created`, `modified`) VALUES
(4, 'Formato Descriptivo', '/faqitesm/files/9218a468a522730e3bfd60bf7de05a5b559d05e9.pdf', 1, '2014-04-28 03:43:06', '2014-04-28 03:43:06'),
(5, 'Todas las categor&iacute;as', '/faqitesm/files/b162406e65e9b2d5f0df4578aa190941d466308c.pdf', 1, '2014-04-28 17:24:49', '2014-04-29 04:54:20'),
(6, 'Nuevo documento pdf modificado', '/faqitesm/files/bcc7f3603617bd5f136da618ff8035457b195388.pdf', 1, '2014-04-28 21:35:01', '2014-04-28 21:43:06'),
(7, 'nuevo documento', '/faqitesm/files/1c442a721d379d830c5d3ad121e37c47356aa546.pdf', 1, '2014-05-05 15:35:05', '2014-05-05 15:35:05'),
(8, 'proceso intercambio alumnos alemania', '/faqitesm/files/9515170b07313be03d1af0cc6676424283c440bd.pdf', 1, '2014-05-06 18:31:48', '2014-05-06 18:32:07');

-- --------------------------------------------------------

--
-- Estructura de tabla para la tabla `resource_tags`
--

CREATE TABLE IF NOT EXISTS `resource_tags` (
  `id` int(11) NOT NULL AUTO_INCREMENT,
  `resource_id` int(11) NOT NULL,
  `tag_id` int(11) NOT NULL,
  `created` datetime DEFAULT NULL,
  `modified` datetime DEFAULT NULL,
  PRIMARY KEY (`id`)
) ENGINE=InnoDB  DEFAULT CHARSET=latin1 AUTO_INCREMENT=97 ;

--
-- Volcado de datos para la tabla `resource_tags`
--

INSERT INTO `resource_tags` (`id`, `resource_id`, `tag_id`, `created`, `modified`) VALUES
(10, 4, 1, '2014-04-28 03:43:06', '2014-04-28 03:43:06'),
(11, 4, 6, '2014-04-28 03:43:06', '2014-04-28 03:43:06'),
(12, 4, 4, '2014-04-28 03:43:06', '2014-04-28 03:43:06'),
(13, 4, 5, '2014-04-28 03:43:06', '2014-04-28 03:43:06'),
(21, 6, 1, '2014-04-28 21:43:07', '2014-04-28 21:43:07'),
(22, 6, 3, '2014-04-28 21:43:07', '2014-04-28 21:43:07'),
(23, 6, 4, '2014-04-28 21:43:07', '2014-04-28 21:43:07'),
(24, 5, 1, '2014-04-29 04:54:20', '2014-04-29 04:54:20'),
(25, 5, 3, '2014-04-29 04:54:20', '2014-04-29 04:54:20'),
(26, 5, 5, '2014-04-29 04:54:20', '2014-04-29 04:54:20'),
(27, 5, 6, '2014-04-29 04:54:20', '2014-04-29 04:54:20'),
(28, 5, 9, '2014-04-29 04:54:20', '2014-04-29 04:54:20'),
(29, 5, 10, '2014-04-29 04:54:20', '2014-04-29 04:54:20'),
(30, 5, 11, '2014-04-29 04:54:21', '2014-04-29 04:54:21'),
(31, 5, 12, '2014-04-29 04:54:21', '2014-04-29 04:54:21'),
(32, 5, 13, '2014-04-29 04:54:21', '2014-04-29 04:54:21'),
(33, 5, 14, '2014-04-29 04:54:21', '2014-04-29 04:54:21'),
(34, 5, 15, '2014-04-29 04:54:21', '2014-04-29 04:54:21'),
(35, 5, 16, '2014-04-29 04:54:21', '2014-04-29 04:54:21'),
(36, 5, 17, '2014-04-29 04:54:21', '2014-04-29 04:54:21'),
(37, 5, 18, '2014-04-29 04:54:21', '2014-04-29 04:54:21'),
(38, 5, 19, '2014-04-29 04:54:21', '2014-04-29 04:54:21'),
(39, 5, 20, '2014-04-29 04:54:22', '2014-04-29 04:54:22'),
(40, 5, 21, '2014-04-29 04:54:22', '2014-04-29 04:54:22'),
(41, 5, 22, '2014-04-29 04:54:22', '2014-04-29 04:54:22'),
(42, 5, 23, '2014-04-29 04:54:22', '2014-04-29 04:54:22'),
(43, 5, 24, '2014-04-29 04:54:22', '2014-04-29 04:54:22'),
(44, 5, 25, '2014-04-29 04:54:22', '2014-04-29 04:54:22'),
(45, 5, 26, '2014-04-29 04:54:22', '2014-04-29 04:54:22'),
(46, 5, 27, '2014-04-29 04:54:22', '2014-04-29 04:54:22'),
(47, 5, 28, '2014-04-29 04:54:22', '2014-04-29 04:54:22'),
(48, 5, 29, '2014-04-29 04:54:22', '2014-04-29 04:54:22'),
(49, 5, 30, '2014-04-29 04:54:22', '2014-04-29 04:54:22'),
(50, 5, 2, '2014-04-29 04:54:23', '2014-04-29 04:54:23'),
(51, 5, 31, '2014-04-29 04:54:23', '2014-04-29 04:54:23'),
(52, 5, 32, '2014-04-29 04:54:23', '2014-04-29 04:54:23'),
(53, 5, 33, '2014-04-29 04:54:23', '2014-04-29 04:54:23'),
(54, 5, 34, '2014-04-29 04:54:23', '2014-04-29 04:54:23'),
(55, 5, 35, '2014-04-29 04:54:23', '2014-04-29 04:54:23'),
(56, 5, 36, '2014-04-29 04:54:23', '2014-04-29 04:54:23'),
(57, 5, 37, '2014-04-29 04:54:23', '2014-04-29 04:54:23'),
(58, 5, 38, '2014-04-29 04:54:23', '2014-04-29 04:54:23'),
(59, 5, 39, '2014-04-29 04:54:23', '2014-04-29 04:54:23'),
(60, 5, 40, '2014-04-29 04:54:23', '2014-04-29 04:54:23'),
(61, 5, 41, '2014-04-29 04:54:24', '2014-04-29 04:54:24'),
(62, 5, 42, '2014-04-29 04:54:24', '2014-04-29 04:54:24'),
(63, 5, 43, '2014-04-29 04:54:24', '2014-04-29 04:54:24'),
(64, 5, 44, '2014-04-29 04:54:24', '2014-04-29 04:54:24'),
(65, 5, 45, '2014-04-29 04:54:24', '2014-04-29 04:54:24'),
(66, 5, 46, '2014-04-29 04:54:24', '2014-04-29 04:54:24'),
(67, 5, 47, '2014-04-29 04:54:24', '2014-04-29 04:54:24'),
(68, 5, 48, '2014-04-29 04:54:24', '2014-04-29 04:54:24'),
(69, 5, 49, '2014-04-29 04:54:24', '2014-04-29 04:54:24'),
(70, 5, 50, '2014-04-29 04:54:24', '2014-04-29 04:54:24'),
(71, 5, 51, '2014-04-29 04:54:24', '2014-04-29 04:54:24'),
(72, 5, 52, '2014-04-29 04:54:24', '2014-04-29 04:54:24'),
(73, 5, 53, '2014-04-29 04:54:25', '2014-04-29 04:54:25'),
(74, 5, 54, '2014-04-29 04:54:25', '2014-04-29 04:54:25'),
(75, 5, 55, '2014-04-29 04:54:25', '2014-04-29 04:54:25'),
(76, 5, 56, '2014-04-29 04:54:25', '2014-04-29 04:54:25'),
(77, 5, 57, '2014-04-29 04:54:25', '2014-04-29 04:54:25'),
(78, 5, 58, '2014-04-29 04:54:25', '2014-04-29 04:54:25'),
(79, 5, 59, '2014-04-29 04:54:25', '2014-04-29 04:54:25'),
(80, 5, 60, '2014-04-29 04:54:26', '2014-04-29 04:54:26'),
(81, 5, 61, '2014-04-29 04:54:26', '2014-04-29 04:54:26'),
(82, 5, 62, '2014-04-29 04:54:26', '2014-04-29 04:54:26'),
(83, 5, 63, '2014-04-29 04:54:26', '2014-04-29 04:54:26'),
(84, 5, 64, '2014-04-29 04:54:26', '2014-04-29 04:54:26'),
(85, 7, 6, '2014-05-05 15:35:05', '2014-05-05 15:35:05'),
(86, 7, 65, '2014-05-05 15:35:05', '2014-05-05 15:35:05'),
(87, 7, 1, '2014-05-05 15:35:05', '2014-05-05 15:35:05'),
(92, 8, 1, '2014-05-06 18:32:07', '2014-05-06 18:32:07'),
(93, 8, 47, '2014-05-06 18:32:07', '2014-05-06 18:32:07'),
(94, 8, 63, '2014-05-06 18:32:07', '2014-05-06 18:32:07'),
(95, 8, 66, '2014-05-06 18:32:07', '2014-05-06 18:32:07'),
(96, 8, 67, '2014-05-06 18:32:07', '2014-05-06 18:32:07');

-- --------------------------------------------------------

--
-- Estructura de tabla para la tabla `tags`
--

CREATE TABLE IF NOT EXISTS `tags` (
  `id` int(11) NOT NULL AUTO_INCREMENT,
  `name` text NOT NULL,
  `slug` text NOT NULL,
  `created` datetime DEFAULT NULL,
  `modified` datetime DEFAULT NULL,
  `resource_tag_count` int(11) NOT NULL DEFAULT '0',
  PRIMARY KEY (`id`)
) ENGINE=InnoDB  DEFAULT CHARSET=latin1 AUTO_INCREMENT=68 ;

--
-- Volcado de datos para la tabla `tags`
--

INSERT INTO `tags` (`id`, `name`, `slug`, `created`, `modified`, `resource_tag_count`) VALUES
(1, 'alumnos', 'alumnos', '2014-04-23 00:00:00', '2014-04-23 00:00:00', 5),
(2, 'matriculas', 'matriculas', '2014-04-23 00:00:00', '2014-04-23 00:00:00', 1),
(3, 'pagos', 'pagos', '2014-04-17 00:00:00', '2014-04-17 00:00:00', 2),
(4, 'servicio social', 'servicio-social', '2014-04-17 00:00:00', '2014-04-17 00:00:00', 2),
(5, 'horarios', 'horarios', '2014-04-26 01:08:18', '2014-04-26 01:08:18', 2),
(6, 'servicios administrativos', 'servicios-administrativos', '2014-04-26 01:08:49', '2014-04-26 01:08:49', 3),
(8, 'semestre', 'semestre', '2014-04-28 01:48:01', '2014-04-28 01:48:01', 0),
(9, 'seguridad', 'seguridad', '2014-04-29 04:54:20', '2014-04-29 04:54:20', 1),
(10, 'documentos', 'documentos', '2014-04-29 04:54:20', '2014-04-29 04:54:20', 1),
(11, 'eventos', 'eventos', '2014-04-29 04:54:21', '2014-04-29 04:54:21', 1),
(12, 'sorteos', 'sorteos', '2014-04-29 04:54:21', '2014-04-29 04:54:21', 1),
(13, 'planta fisica', 'planta-fisica', '2014-04-29 04:54:21', '2014-04-29 04:54:21', 1),
(14, 'informatica', 'informatica', '2014-04-29 04:54:21', '2014-04-29 04:54:21', 1),
(15, 'cec', 'cec', '2014-04-29 04:54:21', '2014-04-29 04:54:21', 1),
(16, 'director de carrera', 'director-de-carrera', '2014-04-29 04:54:21', '2014-04-29 04:54:21', 1),
(17, 'itc', 'itc', '2014-04-29 04:54:21', '2014-04-29 04:54:21', 1),
(18, 'lad', 'lad', '2014-04-29 04:54:21', '2014-04-29 04:54:21', 1),
(19, 'lae', 'lae', '2014-04-29 04:54:21', '2014-04-29 04:54:21', 1),
(20, 'led', 'led', '2014-04-29 04:54:21', '2014-04-29 04:54:21', 1),
(21, 'iis', 'iis', '2014-04-29 04:54:22', '2014-04-29 04:54:22', 1),
(22, 'itesm', 'itesm', '2014-04-29 04:54:22', '2014-04-29 04:54:22', 1),
(23, 'morelia', 'morelia', '2014-04-29 04:54:22', '2014-04-29 04:54:22', 1),
(24, 'monterrey', 'monterrey', '2014-04-29 04:54:22', '2014-04-29 04:54:22', 1),
(25, 'seguros', 'seguros', '2014-04-29 04:54:22', '2014-04-29 04:54:22', 1),
(26, 'escolares', 'escolares', '2014-04-29 04:54:22', '2014-04-29 04:54:22', 1),
(27, 'casa', 'casa', '2014-04-29 04:54:22', '2014-04-29 04:54:22', 1),
(28, 'directores', 'directores', '2014-04-29 04:54:22', '2014-04-29 04:54:22', 1),
(29, 'mantenimiento', 'mantenimiento', '2014-04-29 04:54:22', '2014-04-29 04:54:22', 1),
(30, 'tesoreria', 'tesoreria', '2014-04-29 04:54:22', '2014-04-29 04:54:22', 1),
(31, 'nuevo ingreso', 'nuevo-ingreso', '2014-04-29 04:54:23', '2014-04-29 04:54:23', 1),
(32, 'donaciones', 'donaciones', '2014-04-29 04:54:23', '2014-04-29 04:54:23', 1),
(33, 'dia tec', 'dia-tec', '2014-04-29 04:54:23', '2014-04-29 04:54:23', 1),
(34, 'chic@tec', 'chic-tec', '2014-04-29 04:54:23', '2014-04-29 04:54:23', 1),
(35, 'directivos', 'directivos', '2014-04-29 04:54:23', '2014-04-29 04:54:23', 1),
(36, 'concursos', 'concursos', '2014-04-29 04:54:23', '2014-04-29 04:54:23', 1),
(37, 'permisos', 'permisos', '2014-04-29 04:54:23', '2014-04-29 04:54:23', 1),
(38, 'carreras', 'carreras', '2014-04-29 04:54:23', '2014-04-29 04:54:23', 1),
(39, 'software', 'software', '2014-04-29 04:54:23', '2014-04-29 04:54:23', 1),
(40, 'biblioteca', 'biblioteca', '2014-04-29 04:54:23', '2014-04-29 04:54:23', 1),
(41, 'libros', 'libros', '2014-04-29 04:54:23', '2014-04-29 04:54:23', 1),
(42, 'prestamos', 'prestamos', '2014-04-29 04:54:24', '2014-04-29 04:54:24', 1),
(43, 'becas', 'becas', '2014-04-29 04:54:24', '2014-04-29 04:54:24', 1),
(44, 'cobranza', 'cobranza', '2014-04-29 04:54:24', '2014-04-29 04:54:24', 1),
(45, 'intercambios', 'intercambios', '2014-04-29 04:54:24', '2014-04-29 04:54:24', 1),
(46, 'francia', 'francia', '2014-04-29 04:54:24', '2014-04-29 04:54:24', 1),
(47, 'alemania', 'alemania', '2014-04-29 04:54:24', '2014-04-29 04:54:24', 2),
(48, 'italia', 'italia', '2014-04-29 04:54:24', '2014-04-29 04:54:24', 1),
(49, 'mexico', 'mexico', '2014-04-29 04:54:24', '2014-04-29 04:54:24', 1),
(50, 'material', 'material', '2014-04-29 04:54:24', '2014-04-29 04:54:24', 1),
(51, 'laboratorios', 'laboratorios', '2014-04-29 04:54:24', '2014-04-29 04:54:24', 1),
(52, 'constancia de estudios', 'constancia-de-estudios', '2014-04-29 04:54:24', '2014-04-29 04:54:24', 1),
(53, 'servidores', 'servidores', '2014-04-29 04:54:25', '2014-04-29 04:54:25', 1),
(54, 'recursos', 'recursos', '2014-04-29 04:54:25', '2014-04-29 04:54:25', 1),
(55, 'dinero', 'dinero', '2014-04-29 04:54:25', '2014-04-29 04:54:25', 1),
(56, 'sistemas', 'sistemas', '2014-04-29 04:54:25', '2014-04-29 04:54:25', 1),
(57, 'calificaciones', 'calificaciones', '2014-04-29 04:54:25', '2014-04-29 04:54:25', 1),
(58, 'faltas', 'faltas', '2014-04-29 04:54:25', '2014-04-29 04:54:25', 1),
(59, 'examenes', 'examenes', '2014-04-29 04:54:25', '2014-04-29 04:54:25', 1),
(60, 'extemporaneos', 'extemporaneos', '2014-04-29 04:54:26', '2014-04-29 04:54:26', 1),
(61, 'parciales', 'parciales', '2014-04-29 04:54:26', '2014-04-29 04:54:26', 1),
(62, 'finales', 'finales', '2014-04-29 04:54:26', '2014-04-29 04:54:26', 1),
(63, 'viajes', 'viajes', '2014-04-29 04:54:26', '2014-04-29 04:54:26', 2),
(64, 'cotizaciones', 'cotizaciones', '2014-04-29 04:54:26', '2014-04-29 04:54:26', 1),
(65, 'internet', 'internet', '2014-05-05 15:35:05', '2014-05-05 15:35:05', 1),
(66, 'europa', 'europa', '2014-05-06 18:31:49', '2014-05-06 18:31:49', 1),
(67, 'america', 'america', '2014-05-06 18:32:07', '2014-05-06 18:32:07', 1);

-- --------------------------------------------------------

--
-- Estructura de tabla para la tabla `users`
--

CREATE TABLE IF NOT EXISTS `users` (
  `id` int(11) unsigned NOT NULL AUTO_INCREMENT,
  `group_id` int(11) NOT NULL,
  `name` varchar(40) NOT NULL DEFAULT '',
  `username` varchar(25) NOT NULL DEFAULT '',
  `password` varchar(41) NOT NULL DEFAULT '',
  `email` varchar(25) NOT NULL DEFAULT '',
  `created` datetime DEFAULT NULL,
  `modified` datetime DEFAULT NULL,
  `active` tinyint(1) NOT NULL DEFAULT '1',
  PRIMARY KEY (`id`)
) ENGINE=MyISAM  DEFAULT CHARSET=latin1 AUTO_INCREMENT=1317 ;

--
-- Volcado de datos para la tabla `users`
--

INSERT INTO `users` (`id`, `group_id`, `name`, `username`, `password`, `email`, `created`, `modified`, `active`) VALUES
(1, 1, 'Lenin Alevski Huerta Arias', 'A01063834', '7012c01caeb8979f5ad841e946ef8457fa0413d2', 'admin@alevsk.com', '2013-11-17 00:00:00', '2013-11-17 00:00:00', 1),
(2, 2, 'Lenin Alevski Huerta Arias', 'A01063835', '7012c01caeb8979f5ad841e946ef8457fa0413d2', 'professor@alevsk.com', '2013-11-17 00:00:00', '2013-11-20 00:25:38', 1);

/*!40101 SET CHARACTER_SET_CLIENT=@OLD_CHARACTER_SET_CLIENT */;
/*!40101 SET CHARACTER_SET_RESULTS=@OLD_CHARACTER_SET_RESULTS */;
/*!40101 SET COLLATION_CONNECTION=@OLD_COLLATION_CONNECTION */;
